0.08901667, 0, 4.013027, 9.725696, 15.43521, 21.14782, 26.85381, 0
0.247, -0.8115768, 4.0122, 9.725284, 15.43398, 21.14617, 26.85303, 0
0.4049833, 0.4873276, 4.014449, 9.726091, 15.43591, 21.14812, 26.85436, 0
0.5629333, 0.5857944, 4.015274, 9.72603, 15.43605, 21.14756, 26.85523, 0
0.7209, 1.215839, 4.014669, 9.726017, 15.43646, 21.14885, 26.85564, 0
0.87895, 1.315475, 4.014667, 9.725615, 15.43675, 21.14839, 26.85532, 0
1.037017, 0.6931305, 4.014255, 9.726048, 15.43622, 21.14797, 26.85453, 0
1.195083, 1.80459, 4.015687, 9.727667, 15.43689, 21.14936, 26.85584, 0
1.353117, 1.521111, 4.014862, 9.725978, 15.43648, 21.14883, 26.85578, 0
1.5112, 1.595736, 4.015076, 9.726816, 15.43677, 21.1481, 26.85546, 0
1.669283, 1.329541, 4.014661, 9.726816, 15.43648, 21.14784, 26.8551, 0
1.827317, 1.623631, 4.015074, 9.726803, 15.43649, 21.14724, 26.85587, 0
1.985383, 1.553297, 4.015696, 9.725973, 15.4372, 21.14858, 26.85632, 0
2.1434, 1.728296, 4.016309, 9.727177, 15.43721, 21.14864, 26.85642, 0
2.301483, 2.237606, 4.015893, 9.727211, 15.43762, 21.14956, 26.85646, 0
2.4595, 2.097964, 4.016104, 9.726325, 15.43732, 21.14915, 26.85569, 0
2.6175, 7.241249, 4.021049, 9.732257, 15.44263, 21.15452, 26.86131, 0
2.775617, 24.57082, 4.037033, 9.749221, 15.45996, 21.17231, 26.87885, 0
2.93365, 48.32876, 4.061092, 9.772903, 15.48434, 21.19673, 26.90441, 0
3.091617, 83.73463, 4.096092, 9.808414, 15.51926, 21.23292, 26.9402, 0
3.2497, 106.678, 4.11827, 9.831729, 15.54264, 21.25582, 26.96364, 0
3.407817, 121.5706, 4.132782, 9.846565, 15.55814, 21.27054, 26.97889, 0
3.565767, 134.2268, 4.145289, 9.859655, 15.57044, 21.28327, 26.99193, 0
3.723817, 145.8099, 4.154922, 9.869961, 15.58058, 21.29356, 27.00168, 0
3.8819, 154.1887, 4.164412, 9.878589, 15.58953, 21.30311, 27.01086, 0
4.039834, 161.694, 4.171908, 9.8863, 15.59685, 21.31076, 27.01821, 0
4.197817, 165.8083, 4.177321, 9.890567, 15.60173, 21.31537, 27.02371, 0
4.3559, 171.9542, 4.183154, 9.896872, 15.60808, 21.32146, 27.03021, 0
4.514017, 176.634, 4.187993, 9.901541, 15.6131, 21.32565, 27.03426, 0
4.672117, 182.1988, 4.193419, 9.907459, 15.6182, 21.33146, 27.04022, 0
4.830117, 186.2398, 4.197308, 9.912077, 15.62205, 21.33527, 27.04422, 0
4.988183, 189.8778, 4.20137, 9.91503, 15.62612, 21.33874, 27.04803, 0
5.146234, 191.9804, 4.20315, 9.916847, 15.62838, 21.3413, 27.05045, 0
5.30435, 195.87, 4.206815, 9.920638, 15.63221, 21.34557, 27.05373, 0
5.462367, 198.1356, 4.210166, 9.922456, 15.63424, 21.34743, 27.05664, 0
5.620517, 201.1859, 4.212712, 9.926436, 15.6375, 21.34984, 27.05964, 0
5.778616, 202.8986, 4.214767, 9.927008, 15.63953, 21.35204, 27.06178, 0
5.936666, 205.1424, 4.216883, 9.929561, 15.64156, 21.35432, 27.06379, 0
6.094633, 207.1597, 4.218971, 9.931276, 15.64358, 21.35656, 27.06573, 0
6.25275, 209.7083, 4.22105, 9.934668, 15.64562, 21.35925, 27.06817, 0
6.410733, 212.2504, 4.223567, 9.936782, 15.64847, 21.36193, 27.07055, 0
6.568867, 214.2258, 4.225664, 9.939322, 15.65056, 21.36311, 27.07302, 0
6.7269, 216.1152, 4.227348, 9.94124, 15.65213, 21.36549, 27.07411, 0
6.88495, 217.3997, 4.228611, 9.942087, 15.65375, 21.3669, 27.07606, 0
7.042984, 219.074, 4.230258, 9.944442, 15.65496, 21.36838, 27.07746, 0
7.2011, 220.0704, 4.231567, 9.944867, 15.65621, 21.36939, 27.07892, 0
7.359117, 222.6173, 4.234077, 9.947394, 15.65865, 21.3721, 27.08093, 0
7.517267, 224.6539, 4.235761, 9.949947, 15.66067, 21.37399, 27.08301, 0
7.675384, 225.8867, 4.237379, 9.95125, 15.66146, 21.37521, 27.08393, 0
7.833567, 227.7809, 4.23913, 9.952075, 15.66391, 21.37776, 27.08629, 0
7.9915, 230.3635, 4.241639, 9.954753, 15.66675, 21.38006, 27.08893, 0
8.149616, 230.8812, 4.242077, 9.956044, 15.66675, 21.3804, 27.08956, 0
8.307616, 232.2732, 4.244061, 9.955892, 15.66876, 21.38213, 27.09138, 0
8.4656, 233.5695, 4.244998, 9.957705, 15.66999, 21.38334, 27.09298, 0
8.62355, 233.3907, 4.244486, 9.958033, 15.66956, 21.38323, 27.09174, 0
8.781683, 235.3122, 4.24627, 9.960134, 15.6716, 21.385, 27.09366, 0
8.939834, 236.9929, 4.247652, 9.961514, 15.67322, 21.38733, 27.09552, 0
9.09795, 237.3662, 4.248243, 9.962261, 15.67362, 21.38709, 27.09617, 0
9.255883, 237.9825, 4.248796, 9.962578, 15.67408, 21.38823, 27.09654, 0
9.414, 237.6887, 4.248932, 9.962261, 15.67367, 21.38764, 27.09657, 0
9.572017, 237.9892, 4.249345, 9.963207, 15.67403, 21.38713, 27.09661, 0
9.7301, 239.2546, 4.250181, 9.964044, 15.67565, 21.38889, 27.09848, 0
9.88815, 238.7182, 4.2495, 9.963219, 15.67529, 21.38861, 27.09727, 0
10.04633, 240.6162, 4.251727, 9.96564, 15.67612, 21.39073, 27.09921, 0
10.20443, 241.4899, 4.252148, 9.966583, 15.67727, 21.39171, 27.09957, 0
10.3626, 243.7202, 4.254253, 9.968699, 15.67969, 21.39398, 27.10248, 0
10.52065, 246.1562, 4.256771, 9.970805, 15.68213, 21.39667, 27.10508, 0
10.67885, 251.7852, 4.26142, 9.97544, 15.68708, 21.40115, 27.1094, 0
10.83688, 255.0135, 4.266026, 9.979683, 15.69143, 21.40467, 27.11499, 0
10.9949, 256.5775, 4.266666, 9.981409, 15.69276, 21.40722, 27.11558, 0
11.15287, 258.6428, 4.268981, 9.983503, 15.69465, 21.40918, 27.11756, 0
11.31088, 260.585, 4.271261, 9.985634, 15.69643, 21.41076, 27.11969, 0
11.4689, 261.7106, 4.271692, 9.986504, 15.69787, 21.41253, 27.12077, 0
11.62692, 263.088, 4.272943, 9.988193, 15.69927, 21.4137, 27.12192, 0
11.78487, 263.5536, 4.273613, 9.98818, 15.69968, 21.41449, 27.12261, 0
11.94292, 263.9357, 4.272779, 9.988215, 15.69909, 21.41332, 27.12184, 0
12.10083, 263.5858, 4.272524, 9.987342, 15.69886, 21.41256, 27.1222, 0
12.2587, 263.7401, 4.273349, 9.987316, 15.69887, 21.41301, 27.12164, 0
12.4166, 263.8745, 4.271929, 9.986917, 15.69806, 21.41227, 27.12079, 0
12.57448, 263.2141, 4.270842, 9.986489, 15.69724, 21.4119, 27.11976, 0
12.73237, 263.3719, 4.270842, 9.986478, 15.69724, 21.41254, 27.11976, 0
12.89027, 262.8253, 4.270423, 9.986053, 15.69627, 21.41146, 27.12006, 0
13.04822, 163.9054, 4.173244, 9.889101, 15.59809, 21.31238, 27.01858, 0
13.20593, 152.642, 4.163104, 9.877555, 15.58678, 21.30127, 27.0075, 0
13.3638, 144.9256, 4.15399, 9.870075, 15.57906, 21.29327, 26.99983, 0
13.52167, 138.9317, 4.148512, 9.86392, 15.57339, 21.28724, 26.99371, 0
13.6796, 132.9157, 4.142684, 9.857789, 15.56729, 21.28149, 26.98762, 0
13.8375, 128.8907, 4.13813, 9.854392, 15.56324, 21.27771, 26.98275, 0
13.99543, 124.8896, 4.133934, 9.850594, 15.55877, 21.27311, 26.97962, 0
14.15335, 121.7575, 4.131017, 9.847631, 15.55552, 21.27079, 26.97562, 0
14.31135, 119.5154, 4.128599, 9.844244, 15.55389, 21.26852, 26.97394, 0
14.46928, 118.2098, 4.127768, 9.843289, 15.55227, 21.26705, 26.97276, 0
14.62725, 114.7692, 4.124455, 9.839683, 15.54924, 21.26318, 26.96951, 0
14.7852, 113.6184, 4.122907, 9.838731, 15.54803, 21.26211, 26.96814, 0
14.94318, 111.5455, 4.120311, 9.837555, 15.54516, 21.26015, 26.96585, 0
15.10087, 109.8223, 4.118652, 9.835366, 15.54414, 21.25865, 26.96366, 0
15.2587, 109.0779, 4.118234, 9.834922, 15.54334, 21.25756, 26.96303, 0
15.4166, 107.8007, 4.116721, 9.832848, 15.54231, 21.25672, 26.96185, 0
15.57455, 106.6773, 4.116017, 9.832393, 15.54049, 21.25521, 26.96115, 0
15.73223, 105.3326, 4.115747, 9.830265, 15.54009, 21.25377, 26.95974, 0
15.89008, 104.6531, 4.114501, 9.830228, 15.53888, 21.25298, 26.95905, 0
16.048, 102.0875, 4.112437, 9.826929, 15.53659, 21.25069, 26.95667, 0
16.20578, 101.6164, 4.111021, 9.826917, 15.53618, 21.24991, 26.95599, 0
16.36357, 100.8088, 4.109948, 9.826477, 15.5348, 21.2496, 26.9549, 0
16.5213, 100.2617, 4.109946, 9.826053, 15.53415, 21.2488, 26.95458, 0
16.67913, 98.82568, 4.108706, 9.824376, 15.53276, 21.24767, 26.95302, 0
16.83685, 98.55865, 4.10829, 9.823936, 15.53251, 21.24725, 26.95307, 0
16.99477, 98.17766, 4.107649, 9.823072, 15.53251, 21.24691, 26.95275, 0
17.1526, 97.16224, 4.107271, 9.823091, 15.53115, 21.24574, 26.95121, 0
17.31057, 96.66084, 4.106854, 9.822235, 15.53074, 21.24536, 26.95085, 0
17.46848, 95.91721, 4.105388, 9.82137, 15.53006, 21.24536, 26.94942, 0
17.62658, 95.82613, 4.1056, 9.82181, 15.52993, 21.24463, 26.94946, 0
17.78468, 95.03364, 4.104559, 9.820533, 15.52924, 21.24384, 26.94905, 0
17.94275, 95.21698, 4.104557, 9.820927, 15.52912, 21.24426, 26.9491, 0
18.1008, 94.04944, 4.104145, 9.819681, 15.5283, 21.24243, 26.94832, 0
18.25878, 94.2025, 4.10435, 9.819669, 15.52831, 21.24263, 26.94873, 0
18.41685, 93.44696, 4.103517, 9.818817, 15.5279, 21.24198, 26.94762, 0
18.57485, 92.1794, 4.103521, 9.817588, 15.52668, 21.24146, 26.94721, 0
18.73297, 92.17404, 4.102687, 9.817554, 15.52639, 21.24081, 26.94648, 0
18.89095, 92.57601, 4.101433, 9.818392, 15.52668, 21.24122, 26.94654, 0
19.04892, 91.50552, 4.101243, 9.817554, 15.52516, 21.24081, 26.94503, 0
19.20703, 92.30731, 4.101846, 9.818413, 15.52588, 21.24125, 26.94622, 0
19.36513, 91.35269, 4.101017, 9.816689, 15.52547, 21.24035, 26.94544, 0
19.52322, 90.85868, 4.1006, 9.815839, 15.52547, 21.23959, 26.94508, 0
19.68123, 90.39615, 4.100604, 9.815852, 15.52505, 21.23891, 26.9443, 0
19.83923, 90.39783, 4.101241, 9.815839, 15.52425, 21.23932, 26.94471, 0
19.99718, 90.04305, 4.100827, 9.815413, 15.52435, 21.23932, 26.94362, 0
20.1552, 89.13467, 4.099173, 9.815014, 15.52352, 21.23774, 26.94279, 0
20.31323, 89.3631, 4.099996, 9.8154, 15.52435, 21.2386, 26.94403, 0
20.47123, 88.93893, 4.098756, 9.815001, 15.52302, 21.23816, 26.94211, 0
20.62925, 88.43016, 4.098344, 9.814113, 15.52261, 21.23711, 26.94242, 0
20.78733, 88.46294, 4.099583, 9.814191, 15.52344, 21.23705, 26.94361, 0
20.94535, 88.82045, 4.098933, 9.814191, 15.52344, 21.2373, 26.94289, 0
21.10337, 88.9213, 4.098513, 9.814549, 15.52304, 21.23733, 26.9433, 0
21.26143, 88.45996, 4.098754, 9.813767, 15.52303, 21.23743, 26.94215, 0
21.41962, 87.91231, 4.097688, 9.81415, 15.5214, 21.23689, 26.94175, 0
21.5776, 88.03438, 4.097096, 9.813767, 15.52181, 21.2373, 26.94179, 0
21.73573, 87.38922, 4.096437, 9.813725, 15.52108, 21.23664, 26.94065, 0
21.89392, 87.48732, 4.098338, 9.81291, 15.52222, 21.23733, 26.94219, 0
22.052, 86.68588, 4.096685, 9.812402, 15.52108, 21.23484, 26.94096, 0
22.20998, 86.75835, 4.097267, 9.813286, 15.52181, 21.23629, 26.9407, 0
22.36803, 87.18846, 4.097267, 9.812921, 15.52141, 21.23553, 26.94143, 0
22.5262, 86.59671, 4.096685, 9.812461, 15.52026, 21.2356, 26.9406, 0
22.68425, 87.10789, 4.096682, 9.813344, 15.521, 21.23629, 26.94033, 0
22.84242, 87.06496, 4.0956, 9.813711, 15.52059, 21.23616, 26.94033, 0
23.00062, 87.22447, 4.09668, 9.813334, 15.52068, 21.23633, 26.94109, 0
23.15877, 85.83401, 4.095442, 9.812035, 15.51985, 21.23484, 26.93914, 0
23.31685, 86.09794, 4.095604, 9.812085, 15.52018, 21.23474, 26.93992, 0
23.47497, 85.7086, 4.096021, 9.811597, 15.51986, 21.23436, 26.93955, 0
23.63315, 86.31801, 4.096433, 9.812497, 15.52019, 21.23516, 26.93997, 0
23.79132, 85.27492, 4.095027, 9.811545, 15.51863, 21.23471, 26.93875, 0
23.94948, 85.32353, 4.096103, 9.812434, 15.51978, 21.23502, 26.93884, 0
24.10762, 85.8271, 4.095024, 9.812075, 15.51978, 21.23478, 26.93921, 0
24.26583, 85.74461, 4.095024, 9.812075, 15.51945, 21.23478, 26.93921, 0
24.42407, 85.21341, 4.095024, 9.810732, 15.51978, 21.2344, 26.93848, 0
24.58225, 85.78323, 4.095183, 9.811651, 15.51978, 21.23463, 26.9396, 0
24.74043, 85.10732, 4.095188, 9.811597, 15.51896, 21.2336, 26.9388, 0
24.89855, 85.51453, 4.095852, 9.811584, 15.51978, 21.23402, 26.93921, 0
25.0566, 85.99471, 4.09585, 9.812422, 15.51979, 21.23505, 26.93926, 0
25.21475, 85.6366, 4.094865, 9.812009, 15.51945, 21.23478, 26.93884, 0
25.37287, 84.91039, 4.094197, 9.811103, 15.51863, 21.23398, 26.93846, 0
25.53097, 84.52748, 4.093937, 9.810391, 15.51856, 21.2336, 26.93809, 0
25.68902, 84.50483, 4.094611, 9.809895, 15.51896, 21.2336, 26.93809, 0
25.84708, 83.82104, 4.093937, 9.809895, 15.51815, 21.23171, 26.93806, 0
26.00525, 83.92166, 4.093782, 9.809469, 15.51856, 21.23247, 26.93773, 0
26.16335, 84.12575, 4.094609, 9.809456, 15.51856, 21.23288, 26.93814, 0
26.32142, 83.40381, 4.093369, 9.809056, 15.51699, 21.23281, 26.93729, 0
26.47955, 83.48457, 4.09378, 9.810232, 15.51816, 21.23341, 26.93741, 0
26.63763, 83.07217, 4.092541, 9.809482, 15.51733, 21.23182, 26.93618, 0
26.79572, 83.02831, 4.092275, 9.809482, 15.51693, 21.23206, 26.93618, 0
26.95377, 83.17558, 4.0931, 9.810732, 15.51768, 21.23288, 26.93704, 0
27.11188, 83.02449, 4.092126, 9.809406, 15.51659, 21.23206, 26.93658, 0
27.26995, 82.8657, 4.093525, 9.809556, 15.51693, 21.2313, 26.93622, 0
27.42802, 82.80336, 4.093216, 9.809456, 15.51775, 21.23288, 26.93628, 0
27.58603, 82.97113, 4.094507, 9.809958, 15.51775, 21.23288, 26.93741, 0
27.74397, 83.37663, 4.092953, 9.81032, 15.51734, 21.23285, 26.93554, 0
27.90192, 83.40599, 4.093517, 9.810804, 15.51775, 21.23311, 26.93741, 0
28.05992, 83.25759, 4.093517, 9.809534, 15.51775, 21.23364, 26.93741, 0
28.21798, 83.55354, 4.093782, 9.809469, 15.51781, 21.23247, 26.937, 0
28.37613, 83.45221, 4.093521, 9.809546, 15.51808, 21.23209, 26.93663, 0
28.53417, 83.54973, 4.093216, 9.809469, 15.51781, 21.23209, 26.93736, 0
28.69222, 83.56712, 4.093521, 9.809043, 15.51774, 21.23232, 26.9377, 0
28.85037, 82.61823, 4.092128, 9.808643, 15.51658, 21.23164, 26.93614, 0
29.00847, 82.75388, 4.092275, 9.809056, 15.51659, 21.23206, 26.93585, 0
29.16655, 82.6311, 4.093108, 9.808124, 15.51693, 21.23182, 26.93618, 0
29.3245, 83.02425, 4.092953, 9.809546, 15.51693, 21.23156, 26.9366, 0
29.48257, 82.56267, 4.092955, 9.808124, 15.51699, 21.23145, 26.93622, 0
29.64063, 83.28725, 4.094609, 9.809031, 15.51775, 21.23212, 26.93774, 0
29.79872, 82.71478, 4.092541, 9.808551, 15.51699, 21.2313, 26.93655, 0
29.9569, 82.05984, 4.092128, 9.807793, 15.51617, 21.23104, 26.93577, 0
30.11503, 82.55065, 4.093521, 9.808699, 15.51734, 21.23171, 26.93663, 0
30.27323, 82.47302, 4.092126, 9.809056, 15.51659, 21.2313, 26.93549, 0
30.43142, 82.53954, 4.092953, 9.807767, 15.517, 21.23133, 26.9366, 0
30.58965, 82.5281, 4.092692, 9.808206, 15.51693, 21.2313, 26.93622, 0
30.7477, 82.82472, 4.093933, 9.809031, 15.51734, 21.23197, 26.93741, 0
30.90582, 82.64278, 4.093104, 9.807852, 15.51734, 21.23095, 26.93696, 0
31.06405, 82.55933, 4.093104, 9.807852, 15.51734, 21.23095, 26.93663, 0
31.22217, 82.53477, 4.093676, 9.807767, 15.51734, 21.23057, 26.937, 0
31.38037, 82.25273, 4.092844, 9.807863, 15.51693, 21.23054, 26.93622, 0
31.53862, 82.65112, 4.093104, 9.808192, 15.51734, 21.23171, 26.9359, 0
31.6968, 82.77105, 4.093521, 9.808699, 15.51734, 21.23095, 26.93663, 0
31.85497, 82.56625, 4.092803, 9.808192, 15.517, 21.23171, 26.9359, 0
32.0132, 82.6249, 4.092953, 9.808108, 15.517, 21.23133, 26.9366, 0
32.1714, 82.22364, 4.093108, 9.80744, 15.51652, 21.23092, 26.93655, 0
32.3296, 82.0105, 4.093369, 9.806929, 15.51693, 21.23054, 26.93618, 0
32.4877, 82.43114, 4.09378, 9.808179, 15.51775, 21.23136, 26.93664, 0
32.64585, 81.95256, 4.092692, 9.807354, 15.51659, 21.23092, 26.93549, 0
32.80397, 82.29063, 4.092541, 9.808631, 15.51652, 21.23069, 26.93585, 0
32.96217, 82.2377, 4.092541, 9.807779, 15.51618, 21.23168, 26.93585, 0
33.12035, 82.2048, 4.091858, 9.807695, 15.51618, 21.2313, 26.93618, 0
33.27851, 82.48137, 4.092124, 9.807767, 15.51659, 21.23111, 26.937, 0
33.43637, 82.65802, 4.093933, 9.808604, 15.51768, 21.23159, 26.93704, 0
33.5945, 82.73433, 4.09378, 9.807754, 15.51734, 21.23136, 26.93701, 0
33.75267, 82.47017, 4.093104, 9.808275, 15.51734, 21.23057, 26.93623, 0
33.91083, 81.81261, 4.092279, 9.807793, 15.5157, 21.23088, 26.93541, 0
34.0689, 82.19501, 4.092953, 9.809043, 15.51693, 21.23171, 26.9359, 0
34.22713, 82.49591, 4.092275, 9.808631, 15.51659, 21.23145, 26.93585, 0
34.3852, 82.77236, 4.093517, 9.809534, 15.51734, 21.23235, 26.93668, 0
34.54337, 82.47541, 4.092688, 9.808275, 15.51693, 21.23133, 26.9359, 0
34.70137, 82.65256, 4.093104, 9.808618, 15.51693, 21.23133, 26.93627, 0
34.85948, 82.44131, 4.093108, 9.808631, 15.51652, 21.2313, 26.93585, 0
35.01763, 82.42152, 4.093216, 9.807852, 15.517, 21.23117, 26.9362, 0
35.17575, 81.98499, 4.091863, 9.807711, 15.51611, 21.23088, 26.93577, 0
35.33385, 82.62991, 4.091297, 9.808979, 15.51693, 21.2313, 26.93585, 0
35.49198, 83.32037, 4.092271, 9.809546, 15.51734, 21.23194, 26.937, 0
35.6501, 83.15514, 4.092951, 9.809376, 15.517, 21.2325, 26.93628, 0
35.8081, 83.06717, 4.094194, 9.808265, 15.51775, 21.23174, 26.93704, 0
35.96615, 82.50903, 4.093369, 9.807695, 15.51699, 21.2313, 26.93658, 0
36.12427, 82.67299, 4.09378, 9.808604, 15.51741, 21.23212, 26.93701, 0
36.28235, 82.58031, 4.093525, 9.808206, 15.51699, 21.23107, 26.93658, 0
36.4404, 82.96155, 4.093368, 9.809043, 15.517, 21.23171, 26.93663, 0
36.59846, 83.38641, 4.09378, 9.809881, 15.51741, 21.23174, 26.93704, 0
36.7565, 83.36733, 4.092951, 9.809456, 15.517, 21.2325, 26.93704, 0
36.91462, 82.96369, 4.092271, 9.809469, 15.51693, 21.23209, 26.9359, 0
37.07265, 82.7565, 4.092275, 9.808631, 15.51652, 21.23182, 26.93658, 0
37.23068, 83.38331, 4.0931, 9.808604, 15.51775, 21.23197, 26.93774, 0
37.38878, 82.97132, 4.093521, 9.809122, 15.51734, 21.23133, 26.93663, 0
37.54695, 82.36932, 4.092688, 9.808192, 15.51659, 21.23133, 26.9359, 0
37.7048, 82.20624, 4.092538, 9.808964, 15.51612, 21.23111, 26.93517, 0
37.86275, 81.70174, 4.091434, 9.807841, 15.51572, 21.2306, 26.93517, 0
38.0206, 81.9156, 4.092391, 9.808167, 15.51654, 21.23064, 26.93485, 0
38.17862, 81.28165, 4.09185, 9.806994, 15.51572, 21.23083, 26.93412, 0
38.33643, 81.42828, 4.091708, 9.806994, 15.51537, 21.23067, 26.93522, 0
38.4943, 81.96378, 4.092947, 9.807819, 15.51655, 21.23067, 26.93677, 0
38.6522, 81.89486, 4.091842, 9.807302, 15.51614, 21.23067, 26.936, 0
38.81018, 81.69388, 4.092675, 9.806876, 15.51614, 21.23029, 26.936, 0
38.96802, 81.0952, 4.09185, 9.806903, 15.51531, 21.22985, 26.93485, 0
39.12602, 81.34681, 4.092118, 9.808062, 15.51579, 21.23143, 26.9349, 0
39.2839, 81.18221, 4.092118, 9.807206, 15.51579, 21.23105, 26.93531, 0
39.44178, 80.3654, 4.091021, 9.805639, 15.5145, 21.22906, 26.9348, 0
39.59973, 100.0278, 4.109113, 9.825599, 15.53401, 21.24841, 26.95463, 0
39.75767, 154.7391, 4.162859, 9.878932, 15.58881, 21.30385, 27.0099, 0
39.91552, 234.0994, 4.243718, 9.959669, 15.67003, 21.38473, 27.09417, 0
40.0735, 317.829, 4.325806, 10.0425, 15.75451, 21.47024, 27.18116, 0
40.23147, 377.327, 4.381811, 10.09937, 15.81179, 21.52929, 27.23994, 0
40.38923, 415.0728, 4.419108, 10.13668, 15.84953, 21.56703, 27.27858, 0
40.54716, 446.0685, 4.452675, 10.17028, 15.88273, 21.60034, 27.3123, 0
40.70503, 478.5389, 4.485171, 10.20291, 15.91416, 21.63366, 27.34595, 0
40.86293, 510.097, 4.516274, 10.23369, 15.947, 21.66518, 27.37717, 0
41.02087, 542.0586, 4.548113, 10.2654, 15.97948, 21.69699, 27.41015, 0
41.17888, 573.6644, 4.578917, 10.29664, 16.01146, 21.7294, 27.4428, 0
41.33687, 596.2523, 4.601301, 10.31999, 16.0335, 21.75197, 27.46536, 0
41.49473, 614.8156, 4.616379, 10.33496, 16.04942, 21.76782, 27.48106, 0
41.65258, 630.5778, 4.631912, 10.35113, 16.06477, 21.78386, 27.49677, 0
41.81052, 642.5286, 4.647053, 10.36653, 16.0792, 21.79908, 27.51257, 0
41.9685, 655.5193, 4.660105, 10.37968, 16.092, 21.81204, 27.526, 0
42.12652, 669.4921, 4.673768, 10.39327, 16.10678, 21.8259, 27.54093, 0
42.28438, 683.0732, 4.687491, 10.40645, 16.12065, 21.83945, 27.55449, 0
42.44228, 695.9105, 4.700526, 10.41944, 16.13313, 21.85229, 27.56709, 0
42.60027, 707.1588, 4.711458, 10.43089, 16.14437, 21.86367, 27.5786, 0
42.75818, 718.5215, 4.722859, 10.4422, 16.15603, 21.87475, 27.58956, 0
42.91617, 730.6488, 4.734475, 10.45498, 16.16772, 21.88717, 27.60248, 0
43.0741, 740.5302, 4.744324, 10.46431, 16.17791, 21.89733, 27.61274, 0
43.23178, 751.2694, 4.754842, 10.47451, 16.18923, 21.90824, 27.62345, 0
43.3897, 761.301, 4.764526, 10.48462, 16.19947, 21.91834, 27.634, 0
43.54773, 771.1059, 4.774202, 10.49435, 16.20953, 21.92809, 27.64376, 0
43.70564, 779.7735, 4.783052, 10.5024, 16.21836, 21.93703, 27.65321, 0
43.86353, 789.1727, 4.792349, 10.51214, 16.22721, 21.94675, 27.66235, 0
44.02135, 798.5154, 4.801579, 10.52174, 16.23691, 21.95558, 27.6715, 0
44.17918, 806.6023, 4.80988, 10.52993, 16.24417, 21.96418, 27.67916, 0
44.33708, 815.4925, 4.818582, 10.53833, 16.25348, 21.97333, 27.68806, 0
44.49485, 823.8635, 4.827254, 10.54727, 16.26076, 21.98193, 27.69724, 0
44.65275, 831.369, 4.834666, 10.55407, 16.26946, 21.98903, 27.70494, 0
44.81047, 839.2028, 4.842698, 10.56172, 16.27718, 21.99697, 27.71343, 0
44.96824, 845.2463, 4.848414, 10.56771, 16.28337, 22.00324, 27.71965, 0
45.12613, 852.3163, 4.855903, 10.5741, 16.29064, 22.01038, 27.72622, 0
45.28397, 860.9541, 4.863862, 10.58385, 16.29911, 22.01875, 27.73508, 0
45.44195, 866.9936, 4.870202, 10.58982, 16.30479, 22.02492, 27.74164, 0
45.59973, 872.9089, 4.876105, 10.59536, 16.31085, 22.03107, 27.74783, 0
45.75757, 879.6088, 4.882412, 10.60258, 16.31732, 22.03787, 27.75518, 0
45.9154, 886.0124, 4.888846, 10.60854, 16.32379, 22.04463, 27.76146, 0
46.07327, 891.9956, 4.894772, 10.61407, 16.33025, 22.05064, 27.76723, 0
46.23098, 898.0427, 4.900517, 10.62, 16.33672, 22.05669, 27.77357, 0
46.38863, 904.3266, 4.906825, 10.62597, 16.34319, 22.06307, 27.77912, 0
46.54653, 910.226, 4.912719, 10.63278, 16.34844, 22.06871, 27.78536, 0
46.70428, 914.9082, 4.917106, 10.6375, 16.35326, 22.07351, 27.78979, 0
46.86183, 920.8627, 4.923676, 10.64343, 16.35853, 22.07956, 27.79632, 0
47.0196, 925.8638, 4.927895, 10.64813, 16.36469, 22.08449, 27.80153, 0
47.1773, 930.9518, 4.933434, 10.65323, 16.36912, 22.08977, 27.80692, 0
47.33505, 935.8347, 4.937587, 10.65818, 16.37468, 22.09464, 27.81207, 0
47.49278, 941.8744, 4.943465, 10.66406, 16.38076, 22.10097, 27.81797, 0
47.65055, 946.2805, 4.948094, 10.66855, 16.38479, 22.10544, 27.82162, 0
47.80824, 950.7382, 4.952745, 10.67325, 16.3888, 22.10991, 27.82705, 0
47.96572, 956.0053, 4.958566, 10.67834, 16.39404, 22.11483, 27.83221, 0
48.12338, 960.5313, 4.961579, 10.68345, 16.39927, 22.11959, 27.83628, 0
48.28107, 964.9744, 4.96653, 10.68814, 16.40328, 22.1237, 27.84063, 0
48.43878, 970.8883, 4.972375, 10.69363, 16.40945, 22.12984, 27.84664, 0
48.5965, 974.2308, 4.975895, 10.69621, 16.41334, 22.13323, 27.85084, 0
48.75432, 978.8958, 4.980758, 10.70131, 16.41712, 22.13815, 27.8554, 0
48.91197, 983.354, 4.984521, 10.70554, 16.42278, 22.14232, 27.8597, 0
49.06965, 987.4508, 4.988913, 10.70982, 16.42641, 22.14641, 27.86384, 0
49.22728, 990.8636, 4.992479, 10.71363, 16.42925, 22.14984, 27.86701, 0
49.38485, 995.4166, 4.996668, 10.71831, 16.4341, 22.15434, 27.87212, 0
49.54265, 996.5438, 4.99333, 10.71447, 16.43102, 22.15126, 27.8682, 0
49.7004, 970.1349, 4.971676, 10.69322, 16.40863, 22.12876, 27.84577, 0
49.85822, 970.8197, 4.969456, 10.68983, 16.40489, 22.12487, 27.84061, 0
50.0159, 969.4819, 4.973075, 10.69236, 16.40733, 22.12692, 27.84187, 0
50.17363, 930.1826, 4.934266, 10.65322, 16.36783, 22.08717, 27.8023, 0
50.33123, 881.7036, 4.886193, 10.60555, 16.31854, 22.03828, 27.75233, 0
50.48886, 857.0538, 4.862614, 10.58087, 16.29349, 22.01299, 27.72664, 0
50.64639, 840.8954, 4.846202, 10.56514, 16.27707, 21.99693, 27.71025, 0
50.80412, 834.797, 4.833798, 10.55319, 16.26562, 21.98462, 27.69829, 0
50.96173, 815.4835, 4.820264, 10.54002, 16.25228, 21.97112, 27.68517, 0
51.11942, 807.1345, 4.805351, 10.52555, 16.23814, 21.95654, 27.67084, 0
51.27702, 784.0409, 4.788925, 10.50874, 16.22116, 21.93909, 27.65216, 0
51.43462, 766.558, 4.771676, 10.49067, 16.2039, 21.92174, 27.63463, 0
51.59218, 747.2595, 4.752116, 10.47236, 16.184, 21.90232, 27.61545, 0
51.74973, 731.8105, 4.734614, 10.45406, 16.16532, 21.88467, 27.59596, 0
51.90742, 716.4932, 4.719457, 10.43804, 16.15046, 21.86909, 27.58098, 0
52.06513, 717.2216, 4.717764, 10.43676, 16.14804, 21.86705, 27.57957, 0
52.22297, 712.0499, 4.712711, 10.43126, 16.14362, 21.86104, 27.57482, 0
52.38065, 711.0194, 4.716471, 10.43552, 16.14802, 21.86581, 27.57906, 0
52.53838, 712.6517, 4.718202, 10.43678, 16.14964, 21.86773, 27.5802, 0
52.6962, 713.3152, 4.718978, 10.43748, 16.15045, 21.8681, 27.58093, 0
52.85385, 714.6951, 4.719869, 10.43972, 16.15126, 21.86968, 27.58212, 0
53.01155, 715.1993, 4.720711, 10.43972, 16.15168, 21.87043, 27.58176, 0
53.16918, 715.4982, 4.721141, 10.44016, 16.15167, 21.87077, 27.58246, 0
53.32677, 717.21, 4.722395, 10.44184, 16.15367, 21.87268, 27.58468, 0
53.48442, 717.7115, 4.723255, 10.44186, 16.15449, 21.87299, 27.58568, 0
53.64213, 719.7979, 4.725351, 10.44439, 16.15652, 21.87468, 27.58792, 0
53.79985, 721.4912, 4.727131, 10.44565, 16.15849, 21.87644, 27.58943, 0
53.9575, 722.9182, 4.727878, 10.44693, 16.16009, 21.87852, 27.59084, 0
